Position,Consensus_Residue,Conservation_Score
1,M,0.8333333333333334
2,V,0.6666666666666666
3,H,1.0
4,L,0.8333333333333334
5,T,1.0
6,P,0.8333333333333334
7,E,0.8333333333333334
8,E,1.0
9,K,1.0
10,S,0.6666666666666666
11,A,0.8333333333333334
12,V,0.8333333333333334
13,T,0.8333333333333334
14,A,1.0
15,L,0.8333333333333334
16,W,0.6666666666666666
17,G,1.0
18,K,0.8333333333333334
19,V,0.8333333333333334
20,N,0.8333333333333334
21,V,1.0
22,D,1.0
23,E,1.0
24,V,1.0
25,G,1.0
26,G,1.0
27,E,1.0
28,A,1.0
29,L,1.0
30,G,0.8333333333333334
31,R,0.8333333333333334
32,L,1.0
33,L,0.8333333333333334
34,V,1.0
35,V,0.8333333333333334
36,Y,0.8333333333333334
37,P,1.0
38,W,0.8333333333333334
39,T,0.6666666666666666
40,Q,1.0
41,R,0.8333333333333334
42,F,0.6666666666666666
43,F,0.8333333333333334
44,E,0.8333333333333334
45,S,0.8333333333333334
46,F,1.0
47,G,0.8333333333333334
48,D,0.6666666666666666
49,L,1.0
50,S,0.8333333333333334
51,T,0.8333333333333334
52,P,1.0
53,D,0.8333333333333334
54,A,0.6666666666666666
55,V,0.8333333333333334
56,M,1.0
57,G,0.8333333333333334
58,N,1.0
59,P,1.0
60,K,0.5
61,V,1.0
62,K,0.8333333333333334
63,A,1.0
64,H,1.0
65,G,1.0
66,K,0.8333333333333334
67,K,0.6666666666666666
68,V,1.0
69,L,0.8333333333333334
70,G,0.8333333333333334
71,A,1.0
72,F,1.0
73,S,1.0
74,D,0.8333333333333334
75,G,1.0
76,L,1.0
77,A,0.8333333333333334
78,H,0.8333333333333334
79,L,0.6666666666666666
80,D,0.8333333333333334
81,N,1.0
82,L,0.8333333333333334
83,K,0.8333333333333334
84,G,1.0
85,T,1.0
86,F,1.0
87,A,1.0
88,T,0.6666666666666666
89,L,1.0
90,S,0.6666666666666666
91,E,0.8333333333333334
92,L,0.8333333333333334
93,H,0.8333333333333334
94,C,0.8333333333333334
95,D,1.0
96,K,1.0
97,L,1.0
98,H,1.0
99,V,0.8333333333333334
100,D,0.8333333333333334
101,P,0.8333333333333334
102,E,0.8333333333333334
103,N,1.0
104,F,1.0
105,R,1.0
106,L,1.0
107,L,0.8333333333333334
108,G,0.8333333333333334
109,N,0.8333333333333334
110,V,0.8333333333333334
111,L,1.0
112,V,1.0
113,C,0.8333333333333334
114,V,1.0
115,L,0.8333333333333334
116,A,1.0
117,H,1.0
118,H,1.0
119,F,0.8333333333333334
120,G,0.8333333333333334
121,K,1.0
122,E,1.0
123,F,0.8333333333333334
124,T,1.0
125,P,1.0
126,P,0.8333333333333334
127,V,1.0
128,Q,0.8333333333333334
129,A,1.0
130,A,0.6666666666666666
131,Y,1.0
132,Q,0.6666666666666666
133,K,0.8333333333333334
134,V,1.0
135,V,0.8333333333333334
136,A,0.8333333333333334
137,G,0.8333333333333334
138,V,0.6666666666666666
139,A,0.8333333333333334
140,N,1.0
141,A,1.0
142,L,0.8333333333333334
143,A,1.0
144,H,1.0
145,K,1.0
146,Y,1.0
147,H,1.0
